{
  "NPB": {
    "league": "NPB",
    "rho": 0.08,
    "rawRho": 0.15,
    "n": 473,
    "lambdaH": 3.62,
    "lambdaA": 3.53,
    "logLik": -2348.3549696264104
  },
  "KBO": {
    "league": "KBO",
    "rho": 0.08,
    "rawRho": 0.15,
    "n": 409,
    "lambdaH": 4.84,
    "lambdaA": 5.03,
    "logLik": -2223.136148574754
  },
  "fittedAt": "2026-07-20T12:47:22.744Z"
}